uk	reltreaties	netherlands
burma	relintergovorgs	poland
china	relbooktranslations	uk
burma	relngo	cuba
usa	ngoorgs3	india
jordan	commonbloc2	burma
egypt	intergovorgs3	usa
cuba	intergovorgs	brazil
cuba	reltreaties	indonesia
ussr	conferences	usa
jordan	negativebehavior	israel
china	accusation	indonesia
china	releconomicaid	indonesia
ussr	aidenemy	usa
china	duration	india
india	relexports	uk
ussr	expeldiplomats	usa
cuba	negativecomm	usa
indonesia	booktranslations	usa
indonesia	unoffialacts	china
india	students	usa
china	reldiplomacy	cuba
burma	commonbloc1	uk
burma	exports3	uk
poland	dependent	ussr
usa	exportbooks	china
usa	pprotests	poland
indonesia	nonviolentbehavior	usa
india	attackembassy	indonesia
uk	economicaid	india
uk	relexportbooks	usa
jordan	officialvisits	egypt
netherlands	tourism	uk
poland	eemigrants	usa
china	boycottembargo	ussr
uk	embassy	usa
netherlands	relemigrants	usa
usa	commonbloc0	ussr
ussr	blockpositionindex	burma
china	warning	india
usa	unweightedunvote	uk
usa	militaryalliance	uk
poland	lostterritory	ussr
china	timesinceally	cuba
egypt	relstudents	uk
burma	weightedunvote	uk
brazil	ngo	uk
netherlands	reltourism	israel
china	militaryactions	india
israel	emigrants3	usa
india	violentactions	china
netherlands	tourism3	egypt
netherlands	independence	poland
egypt	severdiplomatic	uk
uk	treaties	usa
usa	timesincewar	cuba
poland	weightedunvote	usa
indonesia	conferences	usa
netherlands	commonbloc0	poland
egypt	commonbloc2	indonesia
ussr	independence	netherlands
usa	embassy	netherlands
egypt	relngo	brazil
egypt	intergovorgs3	uk
brazil	reltreaties	netherlands
usa	commonbloc1	jordan
india	intergovorgs	netherlands
netherlands	relngo	uk
egypt	relngo	uk
egypt	timesincewar	israel
china	negativebehavior	india
india	pprotests	usa
usa	embassy	burma
israel	unweightedunvote	egypt
netherlands	commonbloc1	indonesia
poland	independence	uk
burma	ngoorgs3	india
usa	timesinceally	china
usa	releconomicaid	jordan
netherlands	ngoorgs3	poland
jordan	blockpositionindex	ussr
brazil	relintergovorgs	netherlands
usa	weightedunvote	ussr
indonesia	intergovorgs	egypt
poland	intergovorgs3	usa
egypt	reldiplomacy	usa
poland	independence	netherlands
poland	commonbloc1	india
netherlands	intergovorgs3	poland
israel	tourism3	uk
poland	commonbloc0	netherlands
china	ngoorgs3	brazil
usa	reltourism	netherlands
israel	ngo	uk
usa	independence	uk
uk	treaties	egypt
indonesia	ngoorgs3	usa
israel	eemigrants	usa
brazil	reldiplomacy	uk
burma	reldiplomacy	uk
india	timesinceally	cuba
cuba	unweightedunvote	uk
ussr	unweightedunvote	netherlands
jordan	commonbloc2	egypt
egypt	timesinceally	india
china	violentactions	usa
uk	reltourism	egypt
ussr	relintergovorgs	poland
netherlands	commonbloc2	usa
netherlands	blockpositionindex	poland
uk	pprotests	egypt
egypt	relintergovorgs	india
netherlands	embassy	burma
cuba	commonbloc1	israel
poland	independence	egypt
uk	exportbooks	india
burma	embassy	ussr
burma	timesincewar	usa
egypt	relintergovorgs	indonesia
cuba	weightedunvote	netherlands
uk	treaties	netherlands
jordan	commonbloc1	poland
cuba	commonbloc2	ussr
netherlands	reltreaties	uk
egypt	independence	brazil
china	officialvisits	indonesia
indonesia	negativecomm	china
usa	relintergovorgs	netherlands
india	embassy	jordan
usa	independence	poland
india	duration	china
egypt	reltreaties	indonesia
ussr	timesinceally	cuba
usa	pprotests	ussr
burma	ngoorgs3	israel
china	embassy	poland
china	embassy	burma
poland	relexports	uk
usa	timesinceally	india
cuba	ngo	netherlands
poland	embassy	ussr
egypt	exports3	usa
usa	reltourism	brazil
poland	intergovorgs	ussr
jordan	commonbloc1	netherlands
cuba	reldiplomacy	indonesia
brazil	ngo	poland
india	ngo	egypt
usa	relexports	uk
india	negativebehavior	china
netherlands	embassy	jordan
poland	embassy	burma
burma	commonbloc2	israel
israel	duration	jordan
ussr	militaryalliance	poland
usa	militaryalliance	netherlands
cuba	commonbloc0	usa
indonesia	reldiplomacy	india
usa	conferences	netherlands
brazil	ngoorgs3	poland
cuba	tourism3	ussr
egypt	commonbloc1	cuba
netherlands	relexportbooks	usa
netherlands	ngo	uk
egypt	commonbloc1	china
israel	weightedunvote	egypt
usa	conferences	cuba
netherlands	independence	usa
brazil	relexports	netherlands
usa	exportbooks	uk
india	commonbloc1	poland
usa	ngo	netherlands
egypt	reldiplomacy	burma
jordan	weightedunvote	usa
usa	tourism3	uk
china	timesinceally	poland
netherlands	embassy	israel
usa	negativecomm	cuba
netherlands	exportbooks	usa
indonesia	reldiplomacy	uk
brazil	reldiplomacy	egypt
burma	relngo	usa
indonesia	duration	china
usa	releconomicaid	israel
ussr	reldiplomacy	burma
cuba	ngoorgs3	india
poland	negativecomm	usa
egypt	ngo	usa
indonesia	conferences	burma
uk	weightedunvote	brazil
china	timesinceally	ussr
netherlands	weightedunvote	cuba
uk	timesinceally	usa
china	negativecomm	india
china	booktranslations	uk
israel	weightedunvote	poland
poland	ngo	ussr
india	timesinceally	netherlands
usa	unweightedunvote	israel
china	embassy	ussr
brazil	embassy	uk
uk	commonbloc2	usa
china	timesincewar	usa
egypt	treaties	indonesia
cuba	intergovorgs3	netherlands
egypt	reldiplomacy	uk
indonesia	commonbloc1	usa
china	reldiplomacy	ussr
poland	ngo	uk
usa	booktranslations	netherlands
usa	intergovorgs	poland
uk	tourism	israel
ussr	reldiplomacy	usa
israel	commonbloc1	ussr
netherlands	relbooktranslations	uk
israel	intergovorgs	uk
jordan	relbooktranslations	uk
china	embassy	indonesia
usa	weightedunvote	uk
poland	timesinceally	china
cuba	blockpositionindex	brazil
ussr	conferences	brazil
india	nonviolentbehavior	indonesia
china	officialvisits	egypt
china	embassy	uk
poland	relngo	usa
uk	intergovorgs3	netherlands
egypt	exports3	ussr
cuba	relngo	usa
poland	commonbloc1	burma
jordan	dependent	uk
israel	blockpositionindex	usa
ussr	commonbloc0	uk
israel	weightedunvote	cuba
india	reltreaties	netherlands
egypt	embassy	brazil
usa	negativebehavior	egypt
uk	intergovorgs	brazil
india	ngoorgs3	uk
uk	weightedunvote	netherlands
egypt	ngo	uk
usa	treaties	netherlands
ussr	commonbloc2	china
egypt	timesinceally	poland
israel	relngo	uk
usa	releconomicaid	egypt
usa	officialvisits	india
brazil	reltreaties	poland
ussr	treaties	netherlands
netherlands	weightedunvote	burma
brazil	booktranslations	uk
china	relintergovorgs	netherlands
netherlands	embassy	cuba
jordan	reldiplomacy	india
uk	ngo	egypt
poland	ngo	israel
indonesia	unoffialacts	usa
brazil	eemigrants	usa
usa	intergovorgs3	india
israel	relbooktranslations	usa
india	students	uk
egypt	timesinceally	brazil
egypt	embassy	uk
usa	economicaid	egypt
usa	accusation	cuba
ussr	timesinceally	usa
jordan	reltourism	egypt
indonesia	reldiplomacy	burma
usa	officialvisits	egypt
uk	commonbloc2	netherlands
netherlands	independence	cuba
poland	treaties	usa
egypt	embassy	cuba
egypt	intergovorgs3	netherlands
cuba	dependent	usa
india	relbooktranslations	usa
indonesia	intergovorgs	netherlands
indonesia	intergovorgs3	brazil
poland	accusation	usa
brazil	emigrants3	usa
uk	reltreaties	ussr
india	ngoorgs3	poland
jordan	embassy	ussr
indonesia	intergovorgs3	india
egypt	relintergovorgs	usa
cuba	commonbloc1	egypt
uk	negativebehavior	india
china	ngoorgs3	uk
burma	conferences	usa
jordan	relintergovorgs	israel
brazil	intergovorgs	usa
burma	commonbloc2	jordan
ussr	negativecomm	usa
israel	weightedunvote	uk
india	embassy	china
egypt	relngo	netherlands
china	aidenemy	usa
cuba	negativebehavior	indonesia
cuba	commonbloc0	netherlands
poland	embassy	india
poland	reldiplomacy	indonesia
jordan	relintergovorgs	usa
brazil	blockpositionindex	cuba
netherlands	intergovorgs	cuba
israel	unweightedunvote	netherlands
israel	intergovorgs	netherlands
china	reldiplomacy	egypt
china	commonbloc1	burma
brazil	commonbloc1	burma
ussr	relexports	uk
ussr	intergovorgs	usa
usa	treaties	egypt
china	economicaid	indonesia
cuba	relintergovorgs	poland
poland	timesinceally	usa
uk	weightedunvote	cuba
netherlands	embassy	uk
uk	tourism	ussr
usa	weightedunvote	poland
poland	intergovorgs3	ussr
india	ngoorgs3	netherlands
uk	tourism	india
poland	intergovorgs3	brazil
indonesia	relintergovorgs	india
poland	ngoorgs3	israel
jordan	tourism3	egypt
ussr	economicaid	cuba
uk	blockpositionindex	ussr
uk	negativebehavior	ussr
netherlands	ngoorgs3	uk
indonesia	relexports	china
poland	relintergovorgs	netherlands
poland	intergovorgs3	netherlands
netherlands	ngo	ussr
uk	commonbloc1	india
cuba	independence	ussr
indonesia	booktranslations	uk
poland	relngo	ussr
indonesia	relngo	netherlands
uk	reltourism	netherlands
china	embassy	netherlands
jordan	relngo	israel
china	timesinceally	netherlands
uk	ngoorgs3	netherlands
netherlands	intergovorgs3	uk
cuba	militaryalliance	ussr
jordan	relngo	netherlands
poland	reltreaties	netherlands
poland	commonbloc1	israel
egypt	relexports	usa
burma	intergovorgs3	brazil
china	embassy	india
indonesia	nonviolentbehavior	china
usa	tourism	ussr
israel	relintergovorgs	india
cuba	weightedunvote	uk
netherlands	timesinceally	usa
ussr	reldiplomacy	china
jordan	weightedunvote	uk
egypt	relintergovorgs	brazil
usa	embassy	ussr
ussr	timesinceally	brazil
brazil	conferences	ussr
usa	timesinceally	poland
israel	reltreaties	uk
poland	conferences	brazil
china	reldiplomacy	burma
israel	embassy	cuba
jordan	students	usa
india	intergovorgs3	netherlands
china	treaties	egypt
netherlands	weightedunvote	egypt
jordan	blockpositionindex	usa
israel	relngo	netherlands
israel	ngo	netherlands
uk	conferences	ussr
china	reldiplomacy	netherlands
india	commonbloc1	brazil
indonesia	exports3	netherlands
india	dependent	uk
brazil	commonbloc1	jordan
egypt	reltreaties	brazil
usa	students	uk
poland	relngo	uk
ussr	commonbloc1	indonesia
ussr	boycottembargo	uk
indonesia	conferences	india
burma	reldiplomacy	usa
burma	commonbloc2	indonesia
brazil	independence	ussr
china	negativecomm	uk
uk	commonbloc2	brazil
uk	releconomicaid	india
poland	weightedunvote	israel
egypt	treaties	uk
uk	students	usa
netherlands	commonbloc1	egypt
ussr	intergovorgs3	israel
poland	ngo	brazil
jordan	pprotests	israel
india	nonviolentbehavior	china
israel	ngo	india
brazil	relngo	usa
usa	ngoorgs3	netherlands
egypt	negativecomm	usa
china	ngoorgs3	usa
india	relngo	uk
israel	unweightedunvote	poland
burma	relexports	ussr
egypt	ngoorgs3	brazil
ussr	reldiplomacy	netherlands
egypt	commonbloc1	brazil
egypt	relbooktranslations	usa
israel	booktranslations	uk
netherlands	unweightedunvote	poland
ussr	boycottembargo	usa
netherlands	treaties	poland
ussr	blockpositionindex	indonesia
ussr	booktranslations	usa
indonesia	relngo	uk
ussr	commonbloc1	burma
egypt	ngoorgs3	netherlands
israel	treaties	uk
egypt	expeldiplomats	uk
burma	commonbloc1	netherlands
uk	relexportbooks	india
poland	ngo	netherlands
india	ngo	usa
uk	exports3	netherlands
ussr	timesinceally	china
poland	accusation	china
cuba	exports3	uk
uk	conferences	burma
india	relintergovorgs	brazil
poland	commonbloc0	brazil
jordan	embassy	uk
uk	tourism3	netherlands
uk	tourism	egypt
ussr	embassy	china
ussr	reltreaties	netherlands
brazil	relngo	india
israel	commonbloc1	brazil
india	negativecomm	usa
ussr	ngo	usa
indonesia	embassy	ussr
usa	accusation	china
uk	ngoorgs3	israel
indonesia	relintergovorgs	poland
usa	relintergovorgs	brazil
ussr	independence	egypt
burma	relngo	israel
uk	commonbloc1	egypt
poland	militaryalliance	ussr
israel	tourism	uk
jordan	relngo	brazil
usa	emigrants3	uk
burma	relintergovorgs	brazil
egypt	timesinceally	ussr
usa	tourism	egypt
uk	weightedunvote	ussr
uk	eemigrants	usa
indonesia	relintergovorgs	egypt
indonesia	students	china
burma	relngo	netherlands
brazil	reltreaties	india
jordan	commonbloc1	brazil
brazil	timesinceally	china
ussr	treaties	china
burma	ngoorgs3	usa
brazil	independence	poland
egypt	embassy	ussr
burma	officialvisits	china
israel	intergovorgs3	uk
indonesia	commonbloc2	israel
uk	conferences	poland
usa	tourism	uk
china	timesinceally	brazil
ussr	independence	usa
poland	relintergovorgs	israel
indonesia	militaryactions	china
ussr	unweightedunvote	israel
uk	independence	china
egypt	accusation	usa
israel	unweightedunvote	usa
jordan	relngo	egypt
egypt	officialvisits	ussr
ussr	reldiplomacy	cuba
china	commonbloc1	egypt
burma	ngoorgs3	netherlands
brazil	ngo	usa
ussr	blockpositionindex	usa
indonesia	negativecomm	uk
poland	timesinceally	india
israel	ngoorgs3	usa
jordan	accusation	israel
indonesia	nonviolentbehavior	india
burma	reldiplomacy	india
egypt	intergovorgs3	india
usa	ngoorgs3	israel
egypt	independence	netherlands
jordan	exports3	india
china	relngo	brazil
usa	economicaid	israel
china	ngoorgs3	poland
usa	treaties	poland
netherlands	timesinceally	brazil
ussr	commonbloc1	jordan
uk	relexportbooks	netherlands
jordan	duration	israel
poland	relintergovorgs	uk
ussr	relexports	cuba
indonesia	relngo	usa
uk	embassy	cuba
burma	relintergovorgs	indonesia
india	relngo	israel
israel	intergovorgs	india
uk	treaties	cuba
ussr	reltreaties	uk
egypt	negativebehavior	usa
india	conferences	poland
uk	intergovorgs3	india
burma	booktranslations	usa
ussr	timesinceally	uk
china	pprotests	india
netherlands	weightedunvote	israel
brazil	timesinceally	netherlands
egypt	unweightedunvote	uk
ussr	ngoorgs3	brazil
burma	ngoorgs3	brazil
usa	relexportbooks	india
china	treaties	indonesia
uk	timesinceally	cuba
usa	officialvisits	ussr
egypt	reldiplomacy	china
usa	eemigrants	uk
egypt	independence	ussr
netherlands	weightedunvote	brazil
india	relngo	usa
egypt	blockpositionindex	ussr
india	commonbloc1	china
china	embassy	egypt
poland	relintergovorgs	ussr
egypt	intergovorgs	usa
netherlands	intergovorgs3	brazil
ussr	weightedunvote	israel
brazil	treaties	usa
brazil	intergovorgs	indonesia
india	conferences	brazil
burma	embassy	uk
cuba	exports3	ussr
burma	officialvisits	india
poland	reltourism	ussr
ussr	unoffialacts	usa
jordan	commonbloc1	china
india	conferences	burma
china	commonbloc1	israel
netherlands	timesinceally	ussr
indonesia	relngo	brazil
brazil	ngo	netherlands
indonesia	relexports	ussr
usa	boycottembargo	indonesia
israel	intergovorgs	brazil
egypt	reldiplomacy	cuba
brazil	timesinceally	ussr
egypt	ngo	netherlands
burma	relngo	uk
netherlands	treaties	india
netherlands	ngo	india
cuba	intergovorgs3	israel
burma	conferences	ussr
ussr	intergovorgs	poland
poland	intergovorgs	usa
egypt	independence	poland
netherlands	ngoorgs3	usa
ussr	officialvisits	uk
indonesia	relexports	netherlands
jordan	relintergovorgs	indonesia
china	reldiplomacy	uk
indonesia	reldiplomacy	ussr
india	intergovorgs3	israel
usa	negativebehavior	ussr
usa	intergovorgs3	uk
ussr	relngo	usa
netherlands	embassy	egypt
ussr	economicaid	india
china	timesinceally	india
indonesia	commonbloc1	ussr
egypt	reltreaties	jordan
netherlands	timesincewar	indonesia
egypt	timesinceally	usa
ussr	commonbloc0	usa
israel	ngoorgs3	india
cuba	relngo	india
china	independence	usa
cuba	commonbloc1	burma
ussr	reltreaties	poland
netherlands	weightedunvote	jordan
poland	reldiplomacy	china
usa	embassy	jordan
uk	embassy	egypt
brazil	relintergovorgs	cuba
usa	tourism	india
ussr	booktranslations	uk
poland	embassy	egypt
uk	timesinceally	india
brazil	ngoorgs3	usa
burma	blockpositionindex	ussr
india	relstudents	usa
ussr	independence	cuba
uk	pprotests	ussr
ussr	reltreaties	china
brazil	commonbloc0	cuba
brazil	embassy	indonesia
usa	negativebehavior	cuba
usa	blockpositionindex	jordan
indonesia	duration	uk
uk	timesincewar	egypt
india	intergovorgs	indonesia
brazil	intergovorgs3	israel
poland	reldiplomacy	egypt
israel	exports3	uk
uk	exportbooks	burma
china	duration	usa
indonesia	relexports	usa
china	booktranslations	usa
uk	timesincewar	china
egypt	intergovorgs	israel
india	timesinceally	egypt
poland	intergovorgs	india
poland	relintergovorgs	usa
usa	independence	egypt
israel	ngo	usa
ussr	releconomicaid	cuba
egypt	commonbloc1	netherlands
usa	blockpositionindex	burma
israel	accusation	jordan
usa	exportbooks	india
burma	relintergovorgs	uk
israel	relemigrants	usa
poland	reldiplomacy	ussr
jordan	intergovorgs3	egypt
uk	exportbooks	china
ussr	reldiplomacy	egypt
usa	violentactions	china
uk	embassy	china
cuba	embassy	china
brazil	reldiplomacy	ussr
cuba	reltreaties	india
netherlands	commonbloc1	jordan
india	reltreaties	uk
jordan	commonbloc2	india
china	commonbloc1	indonesia
uk	intergovorgs	indonesia
egypt	treaties	china
uk	exports3	india
netherlands	booktranslations	ussr
israel	relexports	netherlands
jordan	relintergovorgs	netherlands
uk	conferences	india
india	timesinceally	uk
brazil	independence	egypt
ussr	ngoorgs3	egypt
ussr	embassy	netherlands
usa	commonbloc1	india
ussr	tourism	poland
china	timesincewar	india
usa	intergovorgs3	cuba
brazil	relintergovorgs	uk
cuba	ngoorgs3	israel
poland	blockpositionindex	usa
usa	commonbloc2	brazil
cuba	conferences	poland
israel	reltreaties	usa
india	negativebehavior	usa
indonesia	officialvisits	ussr
indonesia	nonviolentbehavior	cuba
burma	conferences	india
india	relintergovorgs	netherlands
cuba	blockpositionindex	netherlands
israel	embassy	usa
uk	pprotests	usa
china	reltourism	ussr
india	commonbloc1	uk
china	nonviolentbehavior	usa
usa	treaties	israel
poland	reldiplomacy	usa
india	timesinceally	poland
usa	commonbloc0	poland
jordan	relngo	uk
uk	commonbloc1	jordan
jordan	ngoorgs3	india
israel	ngoorgs3	netherlands
brazil	relintergovorgs	india
ussr	independence	china
cuba	relintergovorgs	netherlands
burma	weightedunvote	usa
burma	reldiplomacy	ussr
poland	reldiplomacy	cuba
poland	ngoorgs3	ussr
cuba	officialvisits	egypt
ussr	relintergovorgs	brazil
jordan	relintergovorgs	brazil
indonesia	embassy	uk
india	unweightedunvote	uk
uk	ngo	india
poland	unweightedunvote	israel
ussr	embassy	uk
usa	embassy	uk
uk	independence	usa
uk	warning	indonesia
indonesia	intergovorgs	brazil
brazil	relbooktranslations	uk
china	intergovorgs3	usa
indonesia	students	usa
cuba	commonbloc1	brazil
indonesia	intergovorgs3	egypt
jordan	relngo	burma
usa	embassy	india
usa	booktranslations	cuba
brazil	relngo	uk
poland	independence	brazil
uk	embassy	jordan
uk	commonbloc0	poland
cuba	intergovorgs3	egypt
usa	ngo	egypt
usa	timesinceally	cuba
indonesia	embassy	india
poland	independence	ussr
ussr	ngo	netherlands
jordan	relintergovorgs	burma
usa	economicaid	india
ussr	conferences	indonesia
indonesia	relngo	india
usa	militaryalliance	brazil
burma	embassy	india
jordan	weightedunvote	netherlands
usa	intergovorgs3	israel
china	timesinceally	usa
ussr	timesinceally	poland
jordan	commonbloc1	usa
cuba	independence	china
cuba	commonbloc1	india
ussr	relngo	israel
netherlands	relstudents	usa
usa	ngoorgs3	brazil
netherlands	timesinceally	cuba
usa	tourism	jordan
israel	violentactions	jordan
cuba	officialvisits	ussr
burma	embassy	israel
usa	negativecomm	indonesia
china	accusation	india
uk	tourism	jordan
usa	weightedunvote	egypt
usa	relintergovorgs	uk
poland	commonbloc0	usa
india	embassy	uk
uk	relemigrants	usa
burma	intergovorgs3	netherlands
indonesia	intergovorgs	usa
netherlands	weightedunvote	ussr
israel	ngo	brazil
china	militaryalliance	cuba
israel	relngo	brazil
poland	exports3	ussr
israel	unweightedunvote	cuba
netherlands	relbooktranslations	usa
indonesia	commonbloc1	brazil
poland	relemigrants	usa
cuba	negativebehavior	usa
uk	unweightedunvote	egypt
ussr	weightedunvote	usa
china	independence	cuba
india	intergovorgs3	egypt
poland	commonbloc1	jordan
israel	weightedunvote	usa
india	officialvisits	burma
uk	relbooktranslations	ussr
jordan	commonbloc2	indonesia
brazil	negativebehavior	china
uk	weightedunvote	burma
china	blockpositionindex	netherlands
israel	intergovorgs3	netherlands
uk	unweightedunvote	jordan
india	relexports	ussr
ussr	reldiplomacy	indonesia
brazil	intergovorgs	poland
uk	duration	indonesia
ussr	ngoorgs3	netherlands
uk	embassy	netherlands
egypt	weightedunvote	usa
ussr	commonbloc2	cuba
usa	commonbloc0	china
egypt	negativebehavior	israel
egypt	relngo	poland
jordan	commonbloc1	cuba
usa	intergovorgs	brazil
brazil	relintergovorgs	israel
netherlands	intergovorgs3	israel
brazil	commonbloc1	israel
india	intergovorgs	brazil
ussr	intergovorgs3	poland
netherlands	militaryalliance	uk
ussr	reldiplomacy	uk
ussr	negativebehavior	china
cuba	relngo	netherlands
jordan	embassy	egypt
usa	exportbooks	brazil
usa	negativebehavior	china
indonesia	officialvisits	poland
uk	intergovorgs	israel
cuba	independence	usa
uk	ngo	brazil
usa	embassy	israel
burma	relintergovorgs	usa
uk	emigrants3	usa
brazil	exports3	uk
israel	ngoorgs3	uk
brazil	intergovorgs3	uk
netherlands	weightedunvote	poland
indonesia	reltreaties	china
netherlands	ngoorgs3	israel
indonesia	embassy	china
burma	embassy	china
cuba	intergovorgs	netherlands
usa	embassy	brazil
burma	exports3	indonesia
cuba	blockpositionindex	usa
ussr	relintergovorgs	india
brazil	commonbloc1	india
uk	relexports	usa
jordan	relngo	cuba
uk	embassy	burma
poland	intergovorgs3	egypt
egypt	embassy	burma
china	reldiplomacy	indonesia
china	militaryactions	usa
uk	ngoorgs3	usa
brazil	exports3	netherlands
uk	treaties	israel
israel	intergovorgs	egypt
poland	conferences	ussr
usa	independence	cuba
poland	reltreaties	ussr
poland	reldiplomacy	india
egypt	timesinceally	uk
cuba	negativebehavior	uk
usa	relngo	brazil
egypt	intergovorgs	india
brazil	independence	uk
poland	pprotests	usa
indonesia	commonbloc2	india
indonesia	relintergovorgs	uk
burma	embassy	usa
usa	ngo	uk
uk	weightedunvote	poland
usa	independence	jordan
israel	embassy	ussr
netherlands	intergovorgs	uk
egypt	reltreaties	ussr
israel	relintergovorgs	brazil
india	intergovorgs	burma
burma	embassy	indonesia
indonesia	conferences	uk
cuba	independence	uk
brazil	intergovorgs3	cuba
uk	intergovorgs3	poland
usa	weightedunvote	israel
brazil	independence	cuba
israel	tourism3	usa
cuba	reltreaties	usa
burma	relngo	indonesia
usa	weightedunvote	jordan
ussr	relngo	netherlands
indonesia	relngo	poland
cuba	intergovorgs3	uk
netherlands	intergovorgs	israel
brazil	independence	netherlands
usa	releconomicaid	india
china	intergovorgs3	netherlands
ussr	embassy	indonesia
burma	intergovorgs	india
jordan	treaties	uk
india	blockpositionindex	ussr
ussr	relngo	uk
egypt	embassy	netherlands
poland	ngo	usa
indonesia	relbooktranslations	netherlands
poland	commonbloc2	cuba
usa	relngo	israel
israel	weightedunvote	netherlands
ussr	timesincewar	poland
israel	relintergovorgs	usa
jordan	militaryactions	israel
cuba	reldiplomacy	netherlands
indonesia	unoffialacts	india
ussr	relintergovorgs	usa
uk	embassy	india
israel	intergovorgs	usa
brazil	intergovorgs	india
india	eemigrants	usa
netherlands	embassy	ussr
brazil	reltreaties	egypt
ussr	nonviolentbehavior	usa
cuba	commonbloc2	china
china	intergovorgs3	ussr
burma	dependent	uk
israel	relexports	usa
ussr	independence	jordan
india	blockpositionindex	usa
jordan	relintergovorgs	cuba
indonesia	timesincewar	netherlands
uk	releconomicaid	jordan
burma	booktranslations	uk
israel	commonbloc2	egypt
china	independence	poland
burma	intergovorgs3	usa
egypt	exports3	uk
usa	pprotests	indonesia
uk	conferences	cuba
indonesia	reldiplomacy	netherlands
israel	embassy	brazil
ussr	weightedunvote	netherlands
china	eemigrants	usa
egypt	intergovorgs	indonesia
netherlands	timesinceally	egypt
china	relngo	ussr
poland	timesinceally	egypt
usa	reltourism	ussr
egypt	commonbloc1	uk
israel	ngo	poland
china	relngo	netherlands
jordan	relintergovorgs	poland
israel	weightedunvote	ussr
china	relintergovorgs	brazil
brazil	reltreaties	uk
israel	commonbloc2	indonesia
uk	intergovorgs	cuba
cuba	emigrants3	usa
usa	ngo	israel
india	nonviolentbehavior	usa
usa	economicaid	brazil
egypt	intergovorgs	brazil
poland	embassy	israel
brazil	blockpositionindex	ussr
china	intergovorgs3	cuba
india	pprotests	china
india	timesincewar	china
burma	reldiplomacy	poland
netherlands	embassy	india
ussr	embassy	burma
netherlands	ngo	israel
burma	intergovorgs3	uk
india	unweightedunvote	poland
china	relngo	india
poland	reltreaties	usa
egypt	exports3	poland
india	exports3	uk
usa	treaties	cuba
indonesia	militaryalliance	usa
cuba	intergovorgs3	brazil
brazil	reltreaties	israel
poland	weightedunvote	netherlands
poland	relbooktranslations	uk
israel	intergovorgs3	india
cuba	relintergovorgs	usa
brazil	conferences	uk
uk	relngo	usa
uk	exportbooks	netherlands
brazil	reldiplomacy	usa
indonesia	intergovorgs	uk
egypt	commonbloc1	ussr
cuba	weightedunvote	usa
china	commonbloc2	cuba
india	timesinceally	usa
egypt	reltreaties	cuba
israel	relbooktranslations	uk
brazil	reldiplomacy	indonesia
ussr	pprotests	usa
egypt	embassy	india
israel	relngo	india
poland	treaties	ussr
netherlands	commonbloc0	ussr
uk	relstudents	usa
uk	tourism3	usa
usa	independence	china
usa	blockpositionindex	israel
uk	exportbooks	egypt
uk	blockpositionindex	china
india	intergovorgs3	brazil
egypt	reldiplomacy	poland
netherlands	militaryalliance	usa
china	relngo	uk
jordan	unweightedunvote	uk
brazil	reltreaties	ussr
uk	exportbooks	usa
ussr	independence	uk
uk	unweightedunvote	ussr
ussr	embassy	india
poland	reldiplomacy	uk
uk	treaties	poland
poland	commonbloc1	indonesia
netherlands	intergovorgs	ussr
jordan	relbooktranslations	usa
netherlands	blockpositionindex	ussr
egypt	negativecomm	israel
brazil	ngo	israel
netherlands	lostterritory	indonesia
india	pprotests	israel
ussr	militaryalliance	cuba
cuba	relintergovorgs	egypt
usa	intergovorgs3	brazil
jordan	violentactions	israel
egypt	ngoorgs3	israel
china	intergovorgs3	uk
burma	intergovorgs3	egypt
israel	commonbloc2	jordan
brazil	embassy	india
burma	exports3	india
india	officialvisits	ussr
china	reldiplomacy	india
uk	weightedunvote	egypt
cuba	embassy	ussr
indonesia	blockpositionindex	usa
uk	conferences	netherlands
cuba	timesinceally	brazil
uk	ngoorgs3	india
china	timesincewar	uk
egypt	independence	china
china	independence	ussr
brazil	conferences	cuba
egypt	intergovorgs	uk
israel	relngo	usa
cuba	independence	poland
usa	tourism	netherlands
israel	relintergovorgs	poland
poland	independence	usa
china	embassy	cuba
india	exports3	usa
usa	negativebehavior	india
uk	unweightedunvote	poland
india	treaties	netherlands
china	intergovorgs3	brazil
usa	commonbloc1	burma
netherlands	booktranslations	usa
indonesia	conferences	ussr
israel	unweightedunvote	uk
usa	treaties	brazil
china	relngo	poland
ussr	ngo	uk
uk	commonbloc1	israel
usa	embassy	indonesia
egypt	blockpositionindex	usa
brazil	embassy	usa
china	intergovorgs3	india
indonesia	negativebehavior	ussr
cuba	commonbloc0	uk
egypt	weightedunvote	netherlands
brazil	reltreaties	usa
ussr	embassy	cuba
netherlands	relexports	usa
ussr	relngo	brazil
indonesia	relbooktranslations	uk
burma	treaties	china
indonesia	militaryactions	uk
india	treaties	uk
ussr	intergovorgs3	usa
usa	tourism3	netherlands
israel	commonbloc1	china
poland	embassy	china
brazil	relexports	uk
usa	timesinceally	uk
egypt	reldiplomacy	india
burma	reldiplomacy	egypt
netherlands	embassy	china
china	negativecomm	ussr
china	officialvisits	cuba
uk	commonbloc0	ussr
egypt	independence	jordan
india	unweightedunvote	israel
china	nonviolentbehavior	ussr
netherlands	intergovorgs	poland
poland	reldiplomacy	israel
poland	weightedunvote	uk
india	intergovorgs3	uk
india	weightedunvote	uk
egypt	ngoorgs3	usa
usa	exportbooks	netherlands
burma	relngo	brazil
india	accusation	china
netherlands	tourism	usa
poland	booktranslations	usa
cuba	reltreaties	egypt
indonesia	ngoorgs3	brazil
china	negativebehavior	uk
china	blockpositionindex	usa
cuba	reldiplomacy	poland
burma	conferences	indonesia
egypt	reltreaties	israel
cuba	embassy	india
egypt	commonbloc1	usa
china	relngo	usa
usa	conferences	india
china	relngo	egypt
brazil	ngoorgs3	netherlands
india	commonbloc1	netherlands
india	commonbloc1	ussr
india	timesinceally	brazil
india	ngo	uk
china	relbooktranslations	usa
brazil	conferences	usa
uk	independence	netherlands
uk	tourism	usa
ussr	embassy	usa
indonesia	officialvisits	china
ussr	intergovorgs3	uk
jordan	embassy	usa
jordan	relngo	india
china	violentactions	india
cuba	reldiplomacy	egypt
usa	relstudents	uk
indonesia	embassy	jordan
jordan	ngoorgs3	israel
poland	ngo	india
israel	embassy	burma
jordan	reldiplomacy	uk
indonesia	negativebehavior	china
indonesia	intergovorgs3	usa
jordan	relintergovorgs	uk
poland	relintergovorgs	brazil
cuba	reldiplomacy	uk
brazil	tourism	usa
jordan	reltreaties	egypt
india	relintergovorgs	indonesia
egypt	relintergovorgs	uk
usa	embassy	egypt
china	independence	jordan
cuba	officialvisits	china
usa	blockpositionindex	indonesia
indonesia	relintergovorgs	netherlands
cuba	ngoorgs3	poland
indonesia	reldiplomacy	egypt
china	relexports	cuba
poland	unweightedunvote	uk
egypt	weightedunvote	uk
cuba	conferences	india
usa	conferences	poland
uk	unweightedunvote	israel
usa	independence	brazil
cuba	boycottembargo	uk
uk	unweightedunvote	brazil
indonesia	negativebehavior	netherlands
ussr	reldiplomacy	india
burma	relexports	china
ussr	officialvisits	poland
egypt	exports3	india
cuba	timesinceally	usa
israel	pprotests	jordan
netherlands	embassy	indonesia
poland	intergovorgs3	israel
indonesia	accusation	uk
brazil	timesinceally	cuba
egypt	intergovorgs3	brazil
netherlands	unweightedunvote	ussr
india	booktranslations	uk
brazil	commonbloc0	china
poland	conferences	usa
burma	blockpositionindex	usa
burma	relintergovorgs	cuba
israel	commonbloc1	usa
indonesia	ngoorgs3	netherlands
brazil	militaryalliance	usa
ussr	intergovorgs3	egypt
usa	timesincewar	china
usa	commonbloc1	egypt
uk	relexportbooks	brazil
usa	conferences	uk
egypt	reldiplomacy	ussr
netherlands	tourism3	uk
netherlands	eemigrants	usa
poland	intergovorgs3	india
cuba	commonbloc2	poland
egypt	embassy	indonesia
usa	negativebehavior	indonesia
china	relexports	ussr
brazil	embassy	poland
usa	treaties	india
egypt	commonbloc2	india
ussr	negativebehavior	usa
netherlands	exports3	usa
usa	treaties	ussr
burma	commonbloc2	egypt
ussr	treaties	usa
china	independence	netherlands
cuba	unweightedunvote	israel
netherlands	independence	jordan
ussr	relintergovorgs	netherlands
uk	intergovorgs3	israel
brazil	ngo	india
cuba	commonbloc1	jordan
egypt	ngoorgs3	india
indonesia	boycottembargo	usa
uk	intergovorgs	netherlands
brazil	commonbloc0	poland
china	relintergovorgs	poland
ussr	commonbloc2	poland
india	embassy	egypt
jordan	reldiplomacy	egypt
ussr	ngoorgs3	poland
egypt	relexports	india
uk	weightedunvote	india
ussr	relintergovorgs	israel
indonesia	relintergovorgs	cuba
brazil	weightedunvote	uk
netherlands	unweightedunvote	israel
egypt	ngoorgs3	poland
jordan	militaryalliance	egypt
jordan	ngoorgs3	egypt
usa	reltourism	israel
jordan	relintergovorgs	ussr
uk	timesincewar	burma
uk	negativebehavior	indonesia
uk	unweightedunvote	india
brazil	commonbloc2	uk
israel	commonbloc1	cuba
egypt	reltreaties	china
uk	intergovorgs3	usa
ussr	blockpositionindex	brazil
egypt	treaties	usa
poland	timesinceally	brazil
china	relngo	israel
poland	independence	china
poland	timesinceally	netherlands
indonesia	treaties	china
burma	commonbloc1	china
poland	commonbloc2	china
india	relexports	egypt
indonesia	intergovorgs	india
china	commonbloc2	ussr
netherlands	timesinceally	poland
india	militaryalliance	usa
poland	ngoorgs3	india
usa	timesinceally	ussr
china	pprotests	indonesia
brazil	intergovorgs	netherlands
netherlands	treaties	ussr
china	warning	usa
netherlands	commonbloc1	india
egypt	relintergovorgs	netherlands
poland	students	usa
uk	expeldiplomats	ussr
netherlands	ngo	brazil
netherlands	commonbloc1	israel
israel	relintergovorgs	uk
jordan	commonbloc1	uk
uk	weightedunvote	israel
cuba	ngoorgs3	brazil
ussr	timesinceally	netherlands
china	independence	uk
jordan	conferences	egypt
indonesia	relintergovorgs	usa
uk	ngoorgs3	poland
china	timesinceally	egypt
burma	commonbloc1	cuba
burma	relbooktranslations	uk
uk	militaryalliance	usa
india	embassy	cuba
uk	unweightedunvote	netherlands
brazil	timesinceally	egypt
netherlands	intergovorgs	egypt
israel	relngo	poland
egypt	booktranslations	usa
jordan	commonbloc1	ussr
indonesia	intergovorgs3	uk
china	tourism	ussr
ussr	relngo	poland
china	treaties	cuba
ussr	officialvisits	china
ussr	embassy	egypt
brazil	commonbloc1	egypt
netherlands	relexports	uk
ussr	commonbloc0	netherlands
brazil	timesinceally	uk
uk	embassy	ussr
uk	intergovorgs3	brazil
israel	commonbloc2	burma
india	conferences	cuba
poland	timesinceally	ussr
usa	ngoorgs3	poland
poland	booktranslations	ussr
indonesia	commonbloc2	burma
cuba	timesinceally	egypt
uk	intergovorgs	egypt
india	ngoorgs3	israel
egypt	commonbloc1	poland
uk	timesinceally	china
india	commonbloc2	burma
uk	officialvisits	usa
indonesia	violentactions	uk
netherlands	ngo	usa
netherlands	intergovorgs3	india
china	treaties	poland
uk	commonbloc0	cuba
india	relstudents	uk
cuba	treaties	uk
uk	independence	brazil
uk	commonbloc1	burma
indonesia	ngoorgs3	egypt
israel	timesinceally	usa
uk	relintergovorgs	netherlands
netherlands	embassy	usa
cuba	intergovorgs3	india
indonesia	expeldiplomats	cuba
uk	weightedunvote	usa
netherlands	commonbloc1	burma
brazil	intergovorgs3	india
indonesia	relintergovorgs	brazil
usa	ngo	cuba
netherlands	ngoorgs3	brazil
burma	intergovorgs3	indonesia
brazil	timesinceally	poland
ussr	commonbloc1	israel
burma	commonbloc1	poland
poland	emigrants3	usa
brazil	booktranslations	usa
india	reltreaties	usa
israel	negativecomm	jordan
israel	relexports	uk
uk	blockpositionindex	cuba
indonesia	commonbloc2	jordan
poland	timesinceally	uk
usa	treaties	uk
brazil	unweightedunvote	uk
cuba	timesincewar	usa
uk	embassy	indonesia
usa	timesinceally	brazil
egypt	reldiplomacy	indonesia
china	commonbloc1	jordan
uk	embassy	brazil
ussr	reldiplomacy	israel
poland	treaties	uk
poland	reldiplomacy	netherlands
ussr	relintergovorgs	uk
poland	negativebehavior	usa
uk	commonbloc0	china
cuba	relngo	uk
uk	pprotests	cuba
netherlands	ngoorgs3	india
usa	nonviolentbehavior	ussr
israel	unweightedunvote	india
uk	treaties	ussr
poland	relexports	usa
usa	officialvisits	brazil
usa	intergovorgs	indonesia
egypt	commonbloc2	burma
jordan	relexports	india
jordan	reldiplomacy	usa
poland	commonbloc2	ussr
poland	tourism	ussr
netherlands	timesinceally	india
indonesia	ngoorgs3	israel
netherlands	conferences	usa
usa	officialvisits	burma
india	militaryactions	china
netherlands	ngo	poland
indonesia	negativebehavior	cuba
china	independence	brazil
ussr	relngo	india
indonesia	reldiplomacy	cuba
ussr	intergovorgs3	india
china	negativecomm	indonesia
israel	booktranslations	usa
india	timesinceally	ussr
israel	students	usa
netherlands	tourism3	ussr
usa	negativebehavior	poland
netherlands	officialvisits	usa
uk	intergovorgs	usa
usa	commonbloc2	uk
poland	relngo	india
israel	commonbloc2	india
uk	timesinceally	poland
india	ngoorgs3	usa
netherlands	embassy	brazil
egypt	embassy	poland
uk	ngo	usa
usa	militaryalliance	israel
poland	intergovorgs	brazil
cuba	embassy	uk
china	pprotests	ussr
netherlands	independence	uk
brazil	commonbloc1	indonesia
burma	relexports	india
indonesia	severdiplomatic	cuba
burma	relintergovorgs	egypt
netherlands	treaties	usa
brazil	students	usa
poland	commonbloc0	uk
burma	commonbloc2	india
indonesia	negativebehavior	usa
uk	ngo	israel
jordan	relngo	usa
usa	tourism	brazil
ussr	accusation	israel
cuba	relintergovorgs	brazil
ussr	commonbloc1	india
usa	intergovorgs	ussr
poland	embassy	uk
poland	tourism3	ussr
burma	embassy	egypt
indonesia	commonbloc1	cuba
brazil	blockpositionindex	poland
india	intergovorgs	israel
indonesia	relintergovorgs	burma
poland	conferences	uk
jordan	commonbloc2	israel
israel	exports3	netherlands
israel	commonbloc1	netherlands
india	intergovorgs	usa
usa	intergovorgs3	egypt
brazil	ngo	cuba
israel	embassy	poland
poland	commonbloc1	egypt
uk	timesinceally	ussr
usa	intergovorgs	netherlands
cuba	exports3	china
india	weightedunvote	netherlands
ussr	reltreaties	usa
india	intergovorgs3	indonesia
india	embassy	netherlands
usa	intergovorgs3	netherlands
israel	booktranslations	ussr
usa	tourism	israel
israel	intergovorgs	poland
india	conferences	usa
cuba	reltreaties	uk
india	commonbloc2	egypt
poland	ngoorgs3	brazil
indonesia	embassy	cuba
egypt	relintergovorgs	israel
poland	ngoorgs3	uk
brazil	nonviolentbehavior	usa
china	ngoorgs3	india
china	commonbloc1	india
egypt	relngo	usa
china	treaties	ussr
ussr	ngoorgs3	israel
egypt	timesinceally	china
ussr	intergovorgs	netherlands
cuba	relngo	egypt
china	commonbloc0	brazil
burma	exports3	china
usa	relexportbooks	brazil
ussr	reldiplomacy	poland
cuba	nonviolentbehavior	usa
china	relintergovorgs	india
poland	relbooktranslations	ussr
brazil	ngoorgs3	uk
brazil	intergovorgs3	netherlands
cuba	conferences	brazil
netherlands	commonbloc0	china
usa	weightedunvote	india
jordan	timesincewar	israel
uk	militaryactions	indonesia
uk	booktranslations	ussr
burma	relintergovorgs	india
jordan	relintergovorgs	india
ussr	relexports	poland
israel	unweightedunvote	ussr
egypt	dependent	uk
poland	ngoorgs3	netherlands
cuba	embassy	israel
india	commonbloc1	cuba
poland	relngo	israel
cuba	weightedunvote	israel
ussr	economicaid	poland
netherlands	reltreaties	usa
uk	independence	poland
cuba	reldiplomacy	ussr
poland	treaties	china
poland	embassy	jordan
egypt	reltreaties	poland
uk	reltourism	usa
uk	conferences	brazil
ussr	blockpositionindex	uk
uk	tourism3	egypt
uk	intergovorgs	poland
indonesia	relngo	egypt
uk	exportbooks	brazil
cuba	independence	brazil
egypt	commonbloc2	jordan
poland	reltreaties	china
netherlands	unweightedunvote	uk
india	relintergovorgs	uk
jordan	ngoorgs3	brazil
usa	relngo	india
cuba	ngoorgs3	netherlands
netherlands	treaties	uk
netherlands	timesinceally	uk
india	ngo	poland
poland	embassy	brazil
israel	exports3	usa
cuba	independence	egypt
india	negativecomm	china
china	commonbloc0	uk
netherlands	relngo	usa
netherlands	intergovorgs3	egypt
egypt	conferences	jordan
egypt	relngo	israel
indonesia	embassy	brazil
ussr	ngoorgs3	uk
brazil	commonbloc2	usa
jordan	warning	israel
india	unweightedunvote	ussr
cuba	treaties	usa
indonesia	reldiplomacy	poland
china	timesinceally	uk
egypt	ngo	israel
ussr	embassy	israel
brazil	commonbloc2	netherlands
china	intergovorgs3	egypt
israel	embassy	uk
india	embassy	ussr
poland	treaties	netherlands
egypt	reldiplomacy	brazil
indonesia	embassy	usa
netherlands	intergovorgs	brazil
india	commonbloc1	usa
uk	embassy	israel
ussr	relbooktranslations	usa
uk	relngo	netherlands
brazil	conferences	poland
cuba	reldiplomacy	china
netherlands	reltourism	uk
cuba	conferences	uk
indonesia	accusation	usa
ussr	officialvisits	india
uk	relintergovorgs	usa
usa	timesinceally	netherlands
usa	relbooktranslations	ussr
egypt	ngo	brazil
cuba	reldiplomacy	india
netherlands	intergovorgs3	usa
ussr	intergovorgs	uk
poland	intergovorgs	netherlands
egypt	independence	uk
usa	ngo	ussr
usa	commonbloc1	israel
burma	relintergovorgs	jordan
egypt	negativebehavior	uk
burma	relbooktranslations	usa
ussr	commonbloc0	brazil
brazil	timesinceally	usa
indonesia	commonbloc1	uk
egypt	militaryalliance	jordan
israel	militaryactions	jordan
egypt	ngoorgs3	uk
usa	duration	china
ussr	conferences	poland
burma	relintergovorgs	netherlands
ussr	blockpositionindex	jordan
indonesia	dependent	netherlands
uk	timesinceally	egypt
usa	accusation	ussr
brazil	intergovorgs	cuba
egypt	relbooktranslations	uk
india	intergovorgs	uk
cuba	relintergovorgs	israel
poland	timesincewar	ussr
uk	reltourism	india
netherlands	weightedunvote	india
burma	commonbloc1	usa
israel	relbooktranslations	ussr
israel	ngoorgs3	poland
cuba	relngo	israel
brazil	intergovorgs3	usa
uk	pprotests	poland
usa	boycottembargo	egypt
jordan	ngoorgs3	uk
netherlands	independence	brazil
uk	ngo	ussr
jordan	emigrants3	usa
cuba	ngo	usa
israel	timesincewar	jordan
brazil	embassy	ussr
netherlands	commonbloc0	cuba
uk	independence	egypt
indonesia	reldiplomacy	brazil
china	ngoorgs3	netherlands
jordan	reltreaties	indonesia
india	exports3	ussr
ussr	weightedunvote	uk
ussr	conferences	uk
indonesia	reldiplomacy	china
brazil	commonbloc0	ussr
indonesia	embassy	netherlands
usa	weightedunvote	cuba
indonesia	embassy	egypt
indonesia	commonbloc1	netherlands
uk	accusation	ussr
egypt	commonbloc2	israel
egypt	reltreaties	usa
india	relintergovorgs	israel
india	relexports	usa
poland	conferences	india
burma	reldiplomacy	indonesia
ussr	reltourism	india
india	intergovorgs	egypt
cuba	embassy	netherlands
uk	unweightedunvote	burma
egypt	timesinceally	jordan
egypt	timesinceally	netherlands
brazil	embassy	egypt
ussr	blockpositionindex	india
netherlands	embassy	poland
india	booktranslations	usa
brazil	reldiplomacy	netherlands
indonesia	embassy	poland
egypt	relstudents	usa
india	conferences	indonesia
indonesia	commonbloc1	china
brazil	conferences	india
jordan	negativecomm	israel
ussr	blockpositionindex	israel
jordan	relstudents	usa
cuba	treaties	china
china	commonbloc2	poland
uk	timesinceally	netherlands
india	accusation	uk
ussr	conferences	cuba
poland	unweightedunvote	india
cuba	intergovorgs	usa
ussr	treaties	uk
indonesia	commonbloc1	poland
ussr	nonviolentbehavior	uk
usa	timesinceally	egypt
usa	releconomicaid	brazil
brazil	independence	china
india	commonbloc2	jordan
burma	relintergovorgs	israel
uk	blockpositionindex	poland
egypt	ngo	india
usa	embassy	poland
poland	relngo	netherlands
cuba	blockpositionindex	uk
india	ngo	netherlands
cuba	ngo	brazil
uk	relexportbooks	china
usa	relexportbooks	netherlands
china	blockpositionindex	brazil
burma	embassy	poland
cuba	conferences	ussr
netherlands	timesinceally	china
poland	reldiplomacy	jordan
jordan	reldiplomacy	ussr
poland	reltreaties	uk
uk	tourism3	ussr
cuba	timesinceally	india
israel	embassy	netherlands
burma	reldiplomacy	israel
